0.00000;0.00000;0.00000
0.00000;0.00000;0.00000
0.00000;0.00000;0.00000
0.00000;0.00000;0.00000
0.00000;0.00000;0.00000
0.00000;0.00000;0.00000
0.00000;0.00000;0.00000
0.00000;0.00000;0.00000
0.00000;0.00000;0.00000
0.00000;0.00000;0.00000
0.27778;0.27778;0.13889
0.58333;0.30556;0.56944
1.44444;0.86111;1.58333
2.55556;1.11111;3.58333
3.75000;1.19444;6.73611
5.02778;1.27778;11.12500
6.19444;1.16667;16.73611
7.22222;1.02778;23.44444
8.13889;0.91667;31.12500
9.11111;0.97222;39.75000
10.00000;0.88889;49.30556
10.88889;0.88889;59.75000
11.80556;0.91667;71.09722
12.69444;0.88889;83.34722
13.38889;0.69444;96.38889
13.44444;0.05556;109.80556
13.38889;-0.05556;123.27778
13.27778;-0.11111;136.72222
13.05556;-0.22222;150.11111
12.75000;-0.30556;163.31944
12.47222;-0.27778;176.20833
12.33333;-0.13889;188.75000
12.30556;-0.02778;201.09722
12.36111;0.05556;213.43056
12.52778;0.16667;225.87500
12.69444;0.16667;238.48611
12.77778;0.08333;251.22222
12.77778;0.00000;264.00000
12.77778;0.00000;276.77778
12.80556;0.02778;289.56944
12.97222;0.16667;302.45833
13.25000;0.27778;315.56944
13.58333;0.33333;328.98611
13.97222;0.38889;342.76389
14.33333;0.36111;356.91667
14.61111;0.27778;371.38889
14.72222;0.11111;386.05556
14.72222;0.00000;400.77778
14.69444;-0.02778;415.51389
14.63889;-0.05556;430.23611
14.61111;-0.02778;444.88889
14.75000;0.13889;459.56944
15.08333;0.33333;474.48611
15.33333;0.25000;489.69444
15.41667;0.08333;505.06944
15.52778;0.11111;520.54167
15.63889;0.11111;536.12500
15.75000;0.11111;551.81944
15.80556;0.05556;567.59722
15.77778;-0.02778;583.41667
15.55556;-0.22222;599.30556
15.05556;-0.50000;615.11111
14.47222;-0.58333;630.45833
13.91667;-0.55556;645.20833
13.11111;-0.80556;659.52778
12.00000;-1.11111;673.19444
10.88889;-1.11111;685.75000
10.13889;-0.75000;697.01389
9.52778;-0.61111;707.45833
8.61111;-0.91667;717.44444
7.22222;-1.38889;726.75000
5.75000;-1.47222;734.70833
4.27778;-1.47222;741.19444
3.63889;-0.63889;745.79167
3.33333;-0.30556;749.58333
3.47222;0.13889;752.98611
3.88889;0.41667;756.66667
5.27778;1.38889;761.25000
6.44444;1.16667;767.11111
7.77778;1.33333;774.22222
8.88889;1.11111;782.55556
9.44444;0.55556;791.72222
10.00000;0.55556;801.44444
10.55556;0.55556;811.72222
11.11111;0.55556;822.55556
11.19444;0.08333;833.70833
11.25000;0.05556;844.93056
10.83333;-0.41667;856.38889
9.91667;-0.91667;867.68056
8.83333;-1.08333;878.13889
7.52778;-1.30556;887.62500
6.33333;-1.19444;895.75000
5.86111;-0.47222;902.31944
5.25000;-0.61111;908.48611
5.25000;0.00000;913.73611
5.91667;0.66667;919.31944
6.63889;0.72222;925.59722
7.19444;0.55556;932.51389
7.88889;0.69444;940.05556
8.41667;0.52778;948.20833
8.58333;0.16667;956.70833
8.63889;0.05556;965.31944
8.83333;0.19444;974.05556
9.08333;0.25000;983.01389
9.22222;0.13889;992.16667
9.00000;-0.22222;1001.50000
7.86111;-1.13889;1011.06944
7.16667;-0.69444;1019.27778
6.41667;-0.75000;1026.81944
6.05556;-0.36111;1033.41667
5.88889;-0.16667;1039.55556
5.83333;-0.05556;1045.47222
5.83333;0.00000;1051.30556
5.80556;-0.02778;1057.15278
5.52778;-0.27778;1063.09722
4.97222;-0.55556;1068.90278
4.19444;-0.77778;1074.26389
3.55556;-0.63889;1078.77778
3.33333;-0.22222;1082.44444
3.66667;0.33333;1085.94444
4.75000;1.08333;1090.15278
5.86111;1.11111;1095.45833
6.05556;0.19444;1101.41667
5.88889;-0.16667;1107.55556
5.13889;-0.75000;1113.81944
3.86111;-1.27778;1119.59722
3.33333;-0.52778;1123.72222
3.33333;0.00000;1127.05556
3.61111;0.27778;1130.52778
4.52778;0.91667;1134.59722
5.69444;1.16667;1139.70833
6.63889;0.94444;1145.87500
7.22222;0.58333;1152.80556
7.77778;0.55556;1160.30556
8.75000;0.97222;1168.56944
9.27778;0.52778;1177.58333
10.00000;0.72222;1187.22222
10.50000;0.50000;1197.47222
11.16667;0.66667;1208.30556
11.55556;0.38889;1219.66667
11.63889;0.08333;1231.26389
11.66667;0.02778;1242.91667
11.72222;0.05556;1254.61111
11.77778;0.05556;1266.36111
11.86111;0.08333;1278.18056
11.97222;0.11111;1290.09722
12.13889;0.16667;1302.15278
12.22222;0.08333;1314.33333
12.25000;0.02778;1326.56944
12.58333;0.33333;1338.98611
12.88889;0.30556;1351.72222
13.11111;0.22222;1364.72222
13.13889;0.02778;1377.84722
13.16667;0.02778;1391.00000
13.16667;0.00000;1404.16667
13.19444;0.02778;1417.34722
13.30556;0.11111;1430.59722
13.50000;0.19444;1444.00000
13.72222;0.22222;1457.61111
13.83333;0.11111;1471.38889
13.83333;0.00000;1485.22222
13.80556;-0.02778;1499.06944
13.69444;-0.11111;1512.93056
13.47222;-0.22222;1526.73611
13.22222;-0.25000;1540.33333
12.86111;-0.36111;1553.73611
12.13889;-0.72222;1566.95833
10.91667;-1.22222;1579.70833
9.47222;-1.44444;1591.34722
8.05556;-1.41667;1601.52778
6.58333;-1.47222;1610.31944
5.11111;-1.47222;1617.63889
3.97222;-1.13889;1623.31944
3.33333;-0.63889;1627.61111
3.55556;0.22222;1631.05556
4.44444;0.88889;1635.05556
5.66667;1.22222;1640.11111
6.66667;1.00000;1646.27778
8.05556;1.38889;1653.63889
8.94444;0.88889;1662.13889
10.22222;1.27778;1671.72222
10.94444;0.72222;1682.30556
12.00000;1.05556;1693.77778
12.72222;0.72222;1706.13889
13.66667;0.94444;1719.33333
14.27778;0.61111;1733.30556
15.05556;0.77778;1747.97222
15.55556;0.50000;1763.27778
16.19444;0.63889;1779.15278
16.61111;0.41667;1795.55556
17.13889;0.52778;1812.43056
17.41667;0.27778;1829.70833
17.58333;0.16667;1847.20833
17.66667;0.08333;1864.83333
17.77778;0.11111;1882.55556
17.97222;0.19444;1900.43056
18.11111;0.13889;1918.47222
18.13889;0.02778;1936.59722
18.13889;0.00000;1954.73611
18.16667;0.02778;1972.88889
18.25000;0.08333;1991.09722
18.33333;0.08333;2009.38889
18.22222;-0.11111;2027.77778
17.63889;-0.58333;2046.29167
16.58333;-1.05556;2064.45833
15.16667;-1.41667;2081.75000
13.69444;-1.47222;2097.65278
12.47222;-1.22222;2111.95833
11.75000;-0.72222;2124.79167
11.50000;-0.25000;2136.66667
11.47222;-0.02778;2148.18056
11.94444;0.47222;2159.88889
12.50000;0.55556;2172.11111
12.91667;0.41667;2184.81944
13.41667;0.50000;2197.98611
13.75000;0.33333;2211.56944
14.22222;0.47222;2225.55556
14.50000;0.27778;2239.91667
14.33333;-0.16667;2254.50000
13.80556;-0.52778;2269.09722
13.16667;-0.63889;2283.22222
12.13889;-1.02778;2296.90278
11.02778;-1.11111;2309.59722
9.86111;-1.16667;2321.20833
8.63889;-1.22222;2331.68056
7.30556;-1.33333;2340.98611
6.08333;-1.22222;2348.90278
5.00000;-1.08333;2355.52778
4.72222;-0.27778;2360.66667
5.00000;0.27778;2365.52778
5.94444;0.94444;2371.00000
6.88889;0.94444;2377.41667
7.75000;0.86111;2384.73611
8.55556;0.80556;2392.88889
9.16667;0.61111;2401.75000
9.75000;0.58333;2411.20833
10.30556;0.55556;2421.23611
10.80556;0.50000;2431.79167
11.50000;0.69444;2442.94444
12.22222;0.72222;2454.80556
12.86111;0.63889;2467.34722
13.25000;0.38889;2480.40278
13.38889;0.13889;2493.72222
13.52778;0.13889;2507.18056
13.69444;0.16667;2520.79167
13.83333;0.13889;2534.55556
13.94444;0.11111;2548.44444
14.13889;0.19444;2562.48611
14.38889;0.25000;2576.75000
14.58333;0.19444;2591.23611
14.80556;0.22222;2605.93056
15.13889;0.33333;2620.90278
15.47222;0.33333;2636.20833
15.69444;0.22222;2651.79167
15.77778;0.08333;2667.52778
15.83333;0.05556;2683.33333
15.88889;0.05556;2699.19444
16.02778;0.13889;2715.15278
16.30556;0.27778;2731.31944
16.69444;0.38889;2747.81944
16.97222;0.27778;2764.65278
17.13889;0.16667;2781.70833
17.30556;0.16667;2798.93056
17.47222;0.16667;2816.31944
17.58333;0.11111;2833.84722
17.61111;0.02778;2851.44444
17.63889;0.02778;2869.06944
17.75000;0.11111;2886.76389
17.88889;0.13889;2904.58333
18.05556;0.16667;2922.55556
18.22222;0.16667;2940.69444
18.50000;0.27778;2959.05556
18.72222;0.22222;2977.66667
18.94444;0.22222;2996.50000
19.19444;0.25000;3015.56944
19.44444;0.25000;3034.88889
19.66667;0.22222;3054.44444
19.86111;0.19444;3074.20833
20.11111;0.25000;3094.19444
20.27778;0.16667;3114.38889
20.47222;0.19444;3134.76389
20.66667;0.19444;3155.33333
20.80556;0.13889;3176.06944
20.91667;0.11111;3196.93056
21.00000;0.08333;3217.88889
21.05556;0.05556;3238.91667
21.27778;0.22222;3260.08333
21.25000;-0.02778;3281.37500
21.16667;-0.08333;3302.66667
21.05556;-0.11111;3323.88889
20.94444;-0.11111;3345.00000
20.77778;-0.16667;3366.02778
20.52778;-0.25000;3386.93056
20.19444;-0.33333;3407.62500
19.80556;-0.38889;3428.01389
19.55556;-0.25000;3447.94444
19.44444;-0.11111;3467.55556
19.44444;0.00000;3487.00000
19.16667;-0.27778;3506.58333
18.88889;-0.27778;3525.88889
18.69444;-0.19444;3544.87500
18.38889;-0.30556;3563.72222
18.00000;-0.38889;3582.30556
17.66667;-0.33333;3600.47222
17.38889;-0.27778;3618.27778
17.25000;-0.13889;3635.73611
17.19444;-0.05556;3653.01389
17.19444;0.00000;3670.20833
17.16667;-0.02778;3687.41667
17.08333;-0.08333;3704.62500
16.91667;-0.16667;3721.79167
16.58333;-0.33333;3738.87500
15.16667;-1.41667;3756.16667
13.69444;-1.47222;3772.06944
12.47222;-1.22222;3786.37500
11.75000;-0.72222;3799.20833
11.50000;-0.25000;3811.08333
11.47222;-0.02778;3822.59722
11.69444;0.22222;3834.18056
12.41667;0.72222;3846.23611
12.77778;0.36111;3858.83333
13.55556;0.77778;3872.00000
13.91667;0.36111;3885.73611
14.25000;0.33333;3899.81944
15.02778;0.77778;3914.45833
15.33333;0.30556;3929.63889
15.61111;0.27778;3945.11111
15.58333;-0.02778;3960.73611
15.58333;0.00000;3976.31944
15.69444;0.11111;3991.95833
15.97222;0.27778;4007.79167
16.44444;0.47222;4024.00000
16.86111;0.41667;4040.65278
17.16667;0.30556;4057.66667
17.30556;0.13889;4074.90278
17.41667;0.11111;4092.26389
17.22222;-0.19444;4109.77778
17.02778;-0.19444;4127.09722
16.91667;-0.11111;4144.18056
16.80556;-0.11111;4161.15278
16.72222;-0.08333;4178.00000
16.61111;-0.11111;4194.77778
16.50000;-0.11111;4211.44444
16.27778;-0.22222;4228.05556
15.97222;-0.30556;4244.48611
15.72222;-0.25000;4260.58333
15.55556;-0.16667;4276.38889
15.41667;-0.13889;4292.01389
15.27778;-0.13889;4307.50000
15.11111;-0.16667;4322.86111
15.02778;-0.08333;4338.01389
15.00000;-0.02778;4353.05556
14.97222;-0.02778;4368.06944
14.97222;0.00000;4383.04167
15.00000;0.02778;4398.02778
15.05556;0.05556;4413.05556
15.27778;0.22222;4428.22222
15.50000;0.22222;4443.61111
15.61111;0.11111;4459.16667
15.58333;-0.02778;4474.79167
15.30556;-0.27778;4490.51389
14.63889;-0.66667;4506.15278
13.44444;-1.19444;4521.38889
11.97222;-1.47222;4535.56944
10.50000;-1.47222;4548.27778
9.02778;-1.47222;4559.51389
7.55556;-1.47222;4569.27778
6.97222;-0.58333;4577.12500
7.50000;0.52778;4584.36111
8.27778;0.77778;4592.25000
9.38889;1.11111;4601.08333
10.27778;0.88889;4610.91667
11.30556;1.02778;4621.70833
11.94444;0.63889;4633.33333
12.66667;0.72222;4645.63889
13.02778;0.36111;4658.48611
13.05556;0.02778;4671.52778
13.02778;-0.02778;4684.59722
12.91667;-0.11111;4697.68056
12.72222;-0.19444;4710.69444
12.30556;-0.41667;4723.62500
11.47222;-0.83333;4736.34722
10.13889;-1.33333;4748.48611
8.80556;-1.33333;4759.29167
7.50000;-1.30556;4768.75000
6.86111;-0.63889;4776.56944
5.36111;-1.50000;4784.18056
4.44444;-0.91667;4790.00000
3.66667;-0.77778;4794.83333
2.97222;-0.69444;4798.84722
2.44444;-0.52778;4802.08333
2.00000;-0.44444;4804.75000
1.52778;-0.47222;4806.98611
0.88889;-0.63889;4808.83333
0.30556;-0.58333;4810.01389
0.00000;-0.30556;4810.47222
0.00000;0.00000;4810.47222
0.00000;0.00000;4810.47222
0.00000;0.00000;4810.47222
0.00000;0.00000;4810.47222
0.00000;0.00000;4810.47222
0.00000;0.00000;4810.47222
0.00000;0.00000;4810.47222
0.00000;0.00000;4810.47222
0.00000;0.00000;4810.47222
0.00000;0.00000;4810.47222
0.00000;0.00000;4810.47222
0.00000;0.00000;4810.47222
0.00000;0.00000;4810.47222
0.00000;0.00000;4810.47222
0.27778;0.27778;4810.61111
0.58333;0.30556;4811.04167
1.44444;0.86111;4812.05556
2.55556;1.11111;4814.05556
3.75000;1.19444;4817.20833
5.02778;1.27778;4821.59722
6.19444;1.16667;4827.20833
7.22222;1.02778;4833.91667
8.13889;0.91667;4841.59722
9.11111;0.97222;4850.22222
10.00000;0.88889;4859.77778
10.88889;0.88889;4870.22222
11.80556;0.91667;4881.56944
12.69444;0.88889;4893.81944
13.38889;0.69444;4906.86111
13.44444;0.05556;4920.27778
13.38889;-0.05556;4933.75000
13.27778;-0.11111;4947.19444
13.05556;-0.22222;4960.58333
12.75000;-0.30556;4973.79167
12.47222;-0.27778;4986.68056
12.33333;-0.13889;4999.22222
12.30556;-0.02778;5011.56944
12.36111;0.05556;5023.90278
12.52778;0.16667;5036.34722
12.69444;0.16667;5048.95833
12.77778;0.08333;5061.69444
12.77778;0.00000;5074.47222
12.77778;0.00000;5087.25000
12.80556;0.02778;5100.04167
12.97222;0.16667;5112.93056
13.25000;0.27778;5126.04167
13.58333;0.33333;5139.45833
13.97222;0.38889;5153.23611
14.33333;0.36111;5167.38889
14.61111;0.27778;5181.86111
14.72222;0.11111;5196.52778
14.72222;0.00000;5211.25000
14.69444;-0.02778;5225.98611
14.63889;-0.05556;5240.70833
14.61111;-0.02778;5255.36111
14.75000;0.13889;5270.04167
15.08333;0.33333;5284.95833
15.33333;0.25000;5300.16667
15.41667;0.08333;5315.54167
15.52778;0.11111;5331.01389
15.63889;0.11111;5346.59722
15.75000;0.11111;5362.29167
15.80556;0.05556;5378.06944
15.77778;-0.02778;5393.88889
15.55556;-0.22222;5409.77778
15.05556;-0.50000;5425.58333
14.47222;-0.58333;5440.93056
13.91667;-0.55556;5455.68056
13.11111;-0.80556;5470.00000
12.00000;-1.11111;5483.66667
10.88889;-1.11111;5496.22222
10.13889;-0.75000;5507.48611
9.52778;-0.61111;5517.93056
8.61111;-0.91667;5527.91667
7.22222;-1.38889;5537.22222
5.75000;-1.47222;5545.18056
4.27778;-1.47222;5551.66667
3.63889;-0.63889;5556.26389
3.33333;-0.30556;5560.05556
3.47222;0.13889;5563.45833
3.88889;0.41667;5567.13889
5.27778;1.38889;5571.72222
6.44444;1.16667;5577.58333
7.77778;1.33333;5584.69444
8.88889;1.11111;5593.02778
9.44444;0.55556;5602.19444
10.00000;0.55556;5611.91667
10.55556;0.55556;5622.19444
11.11111;0.55556;5633.02778
11.19444;0.08333;5644.18056
11.25000;0.05556;5655.40278
10.83333;-0.41667;5666.86111
9.91667;-0.91667;5678.15278
8.83333;-1.08333;5688.61111
7.52778;-1.30556;5698.09722
6.33333;-1.19444;5706.22222
5.86111;-0.47222;5712.79167
5.25000;-0.61111;5718.95833
5.25000;0.00000;5724.20833
5.91667;0.66667;5729.79167
6.63889;0.72222;5736.06944
7.19444;0.55556;5742.98611
7.88889;0.69444;5750.52778
8.41667;0.52778;5758.68056
8.58333;0.16667;5767.18056
8.63889;0.05556;5775.79167
8.83333;0.19444;5784.52778
9.08333;0.25000;5793.48611
9.22222;0.13889;5802.63889
9.00000;-0.22222;5811.97222
7.86111;-1.13889;5821.54167
7.16667;-0.69444;5829.75000
6.41667;-0.75000;5837.29167
6.05556;-0.36111;5843.88889
5.88889;-0.16667;5850.02778
5.83333;-0.05556;5855.94444
5.83333;0.00000;5861.77778
5.80556;-0.02778;5867.62500
5.52778;-0.27778;5873.56944
4.97222;-0.55556;5879.37500
4.19444;-0.77778;5884.73611
3.55556;-0.63889;5889.25000
3.33333;-0.22222;5892.91667
3.66667;0.33333;5896.41667
4.75000;1.08333;5900.62500
5.86111;1.11111;5905.93056
6.05556;0.19444;5911.88889
5.88889;-0.16667;5918.02778
5.13889;-0.75000;5924.29167
3.86111;-1.27778;5930.06944
3.33333;-0.52778;5934.19444
3.33333;0.00000;5937.52778
3.61111;0.27778;5941.00000
4.52778;0.91667;5945.06944
5.69444;1.16667;5950.18056
6.63889;0.94444;5956.34722
7.22222;0.58333;5963.27778
7.77778;0.55556;5970.77778
8.75000;0.97222;5979.04167
9.27778;0.52778;5988.05556
10.00000;0.72222;5997.69444
10.50000;0.50000;6007.94444
11.16667;0.66667;6018.77778
11.55556;0.38889;6030.13889
11.63889;0.08333;6041.73611
11.66667;0.02778;6053.38889
11.72222;0.05556;6065.08333
11.77778;0.05556;6076.83333
11.86111;0.08333;6088.65278
11.97222;0.11111;6100.56944
12.13889;0.16667;6112.62500
12.22222;0.08333;6124.80556
12.25000;0.02778;6137.04167
12.58333;0.33333;6149.45833
12.88889;0.30556;6162.19444
13.11111;0.22222;6175.19444
13.13889;0.02778;6188.31944
13.16667;0.02778;6201.47222
13.16667;0.00000;6214.63889
13.19444;0.02778;6227.81944
13.30556;0.11111;6241.06944
13.50000;0.19444;6254.47222
13.72222;0.22222;6268.08333
13.83333;0.11111;6281.86111
13.83333;0.00000;6295.69444
13.80556;-0.02778;6309.54167
13.69444;-0.11111;6323.40278
13.47222;-0.22222;6337.20833
13.22222;-0.25000;6350.80556
12.86111;-0.36111;6364.20833
12.13889;-0.72222;6377.43056
10.91667;-1.22222;6390.18056
9.47222;-1.44444;6401.81944
8.05556;-1.41667;6412.00000
6.58333;-1.47222;6420.79167
5.11111;-1.47222;6428.11111
3.97222;-1.13889;6433.79167
3.33333;-0.63889;6438.08333
3.55556;0.22222;6441.52778
4.44444;0.88889;6445.52778
5.66667;1.22222;6450.58333
6.66667;1.00000;6456.75000
8.05556;1.38889;6464.11111
8.94444;0.88889;6472.61111
10.22222;1.27778;6482.19444
10.94444;0.72222;6492.77778
12.00000;1.05556;6504.25000
12.72222;0.72222;6516.61111
13.66667;0.94444;6529.80556
14.27778;0.61111;6543.77778
15.05556;0.77778;6558.44444
15.55556;0.50000;6573.75000
16.19444;0.63889;6589.62500
16.61111;0.41667;6606.02778
17.13889;0.52778;6622.90278
17.41667;0.27778;6640.18056
17.58333;0.16667;6657.68056
17.66667;0.08333;6675.30556
17.77778;0.11111;6693.02778
17.97222;0.19444;6710.90278
18.11111;0.13889;6728.94444
18.13889;0.02778;6747.06944
18.13889;0.00000;6765.20833
18.16667;0.02778;6783.36111
18.25000;0.08333;6801.56944
18.33333;0.08333;6819.86111
18.22222;-0.11111;6838.25000
17.63889;-0.58333;6856.76389
16.58333;-1.05556;6874.93056
15.16667;-1.41667;6892.22222
13.69444;-1.47222;6908.12500
12.47222;-1.22222;6922.43056
11.75000;-0.72222;6935.26389
11.50000;-0.25000;6947.13889
11.47222;-0.02778;6958.65278
11.94444;0.47222;6970.36111
12.50000;0.55556;6982.58333
12.91667;0.41667;6995.29167
13.41667;0.50000;7008.45833
13.75000;0.33333;7022.04167
14.22222;0.47222;7036.02778
14.50000;0.27778;7050.38889
14.33333;-0.16667;7064.97222
13.80556;-0.52778;7079.56944
13.16667;-0.63889;7093.69444
12.13889;-1.02778;7107.37500
11.02778;-1.11111;7120.06944
9.86111;-1.16667;7131.68056
8.63889;-1.22222;7142.15278
7.30556;-1.33333;7151.45833
6.08333;-1.22222;7159.37500
5.00000;-1.08333;7166.00000
4.72222;-0.27778;7171.13889
5.00000;0.27778;7176.00000
5.94444;0.94444;7181.47222
6.88889;0.94444;7187.88889
7.75000;0.86111;7195.20833
8.55556;0.80556;7203.36111
9.16667;0.61111;7212.22222
9.75000;0.58333;7221.68056
10.30556;0.55556;7231.70833
10.80556;0.50000;7242.26389
11.50000;0.69444;7253.41667
12.22222;0.72222;7265.27778
12.86111;0.63889;7277.81944
13.25000;0.38889;7290.87500
13.38889;0.13889;7304.19444
13.52778;0.13889;7317.65278
13.69444;0.16667;7331.26389
13.83333;0.13889;7345.02778
13.94444;0.11111;7358.91667
14.13889;0.19444;7372.95833
14.38889;0.25000;7387.22222
14.58333;0.19444;7401.70833
14.80556;0.22222;7416.40278
15.13889;0.33333;7431.37500
15.47222;0.33333;7446.68056
15.69444;0.22222;7462.26389
15.77778;0.08333;7478.00000
15.83333;0.05556;7493.80556
15.88889;0.05556;7509.66667
16.02778;0.13889;7525.62500
16.30556;0.27778;7541.79167
16.69444;0.38889;7558.29167
16.97222;0.27778;7575.12500
17.13889;0.16667;7592.18056
17.30556;0.16667;7609.40278
17.47222;0.16667;7626.79167
17.58333;0.11111;7644.31944
17.61111;0.02778;7661.91667
17.63889;0.02778;7679.54167
17.75000;0.11111;7697.23611
17.88889;0.13889;7715.05556
18.05556;0.16667;7733.02778
18.22222;0.16667;7751.16667
18.50000;0.27778;7769.52778
18.72222;0.22222;7788.13889
18.94444;0.22222;7806.97222
19.19444;0.25000;7826.04167
19.44444;0.25000;7845.36111
19.66667;0.22222;7864.91667
19.86111;0.19444;7884.68056
20.11111;0.25000;7904.66667
20.27778;0.16667;7924.86111
20.47222;0.19444;7945.23611
20.66667;0.19444;7965.80556
20.80556;0.13889;7986.54167
20.91667;0.11111;8007.40278
21.00000;0.08333;8028.36111
21.05556;0.05556;8049.38889
21.27778;0.22222;8070.55556
21.25000;-0.02778;8091.84722
21.16667;-0.08333;8113.13889
21.05556;-0.11111;8134.36111
20.94444;-0.11111;8155.47222
20.77778;-0.16667;8176.50000
20.52778;-0.25000;8197.40278
20.19444;-0.33333;8218.09722
19.80556;-0.38889;8238.48611
19.55556;-0.25000;8258.41667
19.44444;-0.11111;8278.02778
19.44444;0.00000;8297.47222
19.16667;-0.27778;8317.05556
18.88889;-0.27778;8336.36111
18.69444;-0.19444;8355.34722
18.38889;-0.30556;8374.19444
18.00000;-0.38889;8392.77778
17.66667;-0.33333;8410.94444
17.38889;-0.27778;8428.75000
17.25000;-0.13889;8446.20833
17.19444;-0.05556;8463.48611
17.19444;0.00000;8480.68056
17.16667;-0.02778;8497.88889
17.08333;-0.08333;8515.09722
16.91667;-0.16667;8532.26389
16.58333;-0.33333;8549.34722
15.16667;-1.41667;8566.63889
13.69444;-1.47222;8582.54167
12.47222;-1.22222;8596.84722
11.75000;-0.72222;8609.68056
11.50000;-0.25000;8621.55556
11.47222;-0.02778;8633.06944
11.69444;0.22222;8644.65278
12.41667;0.72222;8656.70833
12.77778;0.36111;8669.30556
13.55556;0.77778;8682.47222
13.91667;0.36111;8696.20833
14.25000;0.33333;8710.29167
15.02778;0.77778;8724.93056
15.33333;0.30556;8740.11111
15.61111;0.27778;8755.58333
15.58333;-0.02778;8771.20833
15.58333;0.00000;8786.79167
15.69444;0.11111;8802.43056
15.97222;0.27778;8818.26389
16.44444;0.47222;8834.47222
16.86111;0.41667;8851.12500
17.16667;0.30556;8868.13889
17.30556;0.13889;8885.37500
17.41667;0.11111;8902.73611
17.22222;-0.19444;8920.25000
17.02778;-0.19444;8937.56944
16.91667;-0.11111;8954.65278
16.80556;-0.11111;8971.62500
16.72222;-0.08333;8988.47222
16.61111;-0.11111;9005.25000
16.50000;-0.11111;9021.91667
16.27778;-0.22222;9038.52778
15.97222;-0.30556;9054.95833
15.72222;-0.25000;9071.05556
15.55556;-0.16667;9086.86111
15.41667;-0.13889;9102.48611
15.27778;-0.13889;9117.97222
15.11111;-0.16667;9133.33333
15.02778;-0.08333;9148.48611
15.00000;-0.02778;9163.52778
14.97222;-0.02778;9178.54167
14.97222;0.00000;9193.51389
15.00000;0.02778;9208.50000
15.05556;0.05556;9223.52778
15.27778;0.22222;9238.69444
15.50000;0.22222;9254.08333
15.61111;0.11111;9269.63889
15.58333;-0.02778;9285.26389
15.30556;-0.27778;9300.98611
14.63889;-0.66667;9316.62500
13.44444;-1.19444;9331.86111
11.97222;-1.47222;9346.04167
10.50000;-1.47222;9358.75000
9.02778;-1.47222;9369.98611
7.55556;-1.47222;9379.75000
6.97222;-0.58333;9387.59722
7.50000;0.52778;9394.83333
8.27778;0.77778;9402.72222
9.38889;1.11111;9411.55556
10.27778;0.88889;9421.38889
11.30556;1.02778;9432.18056
11.94444;0.63889;9443.80556
12.66667;0.72222;9456.11111
13.02778;0.36111;9468.95833
13.05556;0.02778;9482.00000
13.02778;-0.02778;9495.06944
12.91667;-0.11111;9508.15278
12.72222;-0.19444;9521.16667
12.30556;-0.41667;9534.09722
11.47222;-0.83333;9546.81944
10.13889;-1.33333;9558.95833
8.80556;-1.33333;9569.76389
7.50000;-1.30556;9579.22222
6.86111;-0.63889;9587.04167
5.36111;-1.50000;9594.65278
4.44444;-0.91667;9600.47222
3.66667;-0.77778;9605.30556
2.97222;-0.69444;9609.31944
2.55556;-0.41667;9612.50000
3.75000;1.19444;9615.65278
5.02778;1.27778;9620.04167
6.19444;1.16667;9625.65278
7.22222;1.02778;9632.36111
8.13889;0.91667;9640.04167
9.11111;0.97222;9648.66667
10.00000;0.88889;9658.22222
10.88889;0.88889;9668.66667
11.80556;0.91667;9680.01389
12.69444;0.88889;9692.26389
13.38889;0.69444;9705.30556
13.44444;0.05556;9718.72222
13.38889;-0.05556;9732.19444
13.27778;-0.11111;9745.63889
13.05556;-0.22222;9759.02778
12.75000;-0.30556;9772.23611
12.47222;-0.27778;9785.12500
12.33333;-0.13889;9797.66667
12.30556;-0.02778;9810.01389
12.36111;0.05556;9822.34722
12.52778;0.16667;9834.79167
12.69444;0.16667;9847.40278
12.77778;0.08333;9860.13889
12.77778;0.00000;9872.91667
12.77778;0.00000;9885.69444
12.80556;0.02778;9898.48611
12.97222;0.16667;9911.37500
13.25000;0.27778;9924.48611
13.58333;0.33333;9937.90278
13.97222;0.38889;9951.68056
14.33333;0.36111;9965.83333
14.61111;0.27778;9980.30556
14.72222;0.11111;9994.97222
14.72222;0.00000;10009.69444
14.69444;-0.02778;10024.43056
14.63889;-0.05556;10039.15278
14.61111;-0.02778;10053.80556
14.75000;0.13889;10068.48611
15.08333;0.33333;10083.40278
15.33333;0.25000;10098.61111
15.41667;0.08333;10113.98611
15.52778;0.11111;10129.45833
15.63889;0.11111;10145.04167
15.75000;0.11111;10160.73611
15.80556;0.05556;10176.51389
15.77778;-0.02778;10192.33333
15.55556;-0.22222;10208.22222
15.05556;-0.50000;10224.02778
14.47222;-0.58333;10239.37500
13.91667;-0.55556;10254.12500
13.11111;-0.80556;10268.44444
12.00000;-1.11111;10282.11111
10.88889;-1.11111;10294.66667
10.13889;-0.75000;10305.93056
9.52778;-0.61111;10316.37500
8.61111;-0.91667;10326.36111
7.22222;-1.38889;10335.66667
5.75000;-1.47222;10343.62500
4.27778;-1.47222;10350.11111
3.63889;-0.63889;10354.70833
3.33333;-0.30556;10358.50000
3.47222;0.13889;10361.90278
3.88889;0.41667;10365.58333
5.27778;1.38889;10370.16667
6.44444;1.16667;10376.02778
7.77778;1.33333;10383.13889
8.88889;1.11111;10391.47222
9.44444;0.55556;10400.63889
10.00000;0.55556;10410.36111
10.55556;0.55556;10420.63889
11.11111;0.55556;10431.47222
11.19444;0.08333;10442.62500
11.25000;0.05556;10453.84722
10.83333;-0.41667;10465.30556
9.91667;-0.91667;10476.59722
8.83333;-1.08333;10487.05556
7.52778;-1.30556;10496.54167
6.33333;-1.19444;10504.66667
5.86111;-0.47222;10511.23611
5.25000;-0.61111;10517.40278
5.25000;0.00000;10522.65278
5.91667;0.66667;10528.23611
6.63889;0.72222;10534.51389
7.19444;0.55556;10541.43056
7.88889;0.69444;10548.97222
8.41667;0.52778;10557.12500
8.58333;0.16667;10565.62500
8.63889;0.05556;10574.23611
8.83333;0.19444;10582.97222
9.08333;0.25000;10591.93056
9.22222;0.13889;10601.08333
9.00000;-0.22222;10610.41667
7.86111;-1.13889;10619.98611
7.16667;-0.69444;10628.19444
6.41667;-0.75000;10635.73611
6.05556;-0.36111;10642.33333
5.88889;-0.16667;10648.47222
5.83333;-0.05556;10654.38889
5.83333;0.00000;10660.22222
5.80556;-0.02778;10666.06944
5.52778;-0.27778;10672.01389
4.97222;-0.55556;10677.81944
4.19444;-0.77778;10683.18056
3.55556;-0.63889;10687.69444
3.33333;-0.22222;10691.36111
3.66667;0.33333;10694.86111
4.75000;1.08333;10699.06944
5.86111;1.11111;10704.37500
6.05556;0.19444;10710.33333
5.88889;-0.16667;10716.47222
5.13889;-0.75000;10722.73611
3.86111;-1.27778;10728.51389
3.33333;-0.52778;10732.63889
3.33333;0.00000;10735.97222
3.61111;0.27778;10739.44444
4.52778;0.91667;10743.51389
5.69444;1.16667;10748.62500
6.63889;0.94444;10754.79167
7.22222;0.58333;10761.72222
7.77778;0.55556;10769.22222
8.75000;0.97222;10777.48611
9.27778;0.52778;10786.50000
10.00000;0.72222;10796.13889
10.50000;0.50000;10806.38889
11.16667;0.66667;10817.22222
11.55556;0.38889;10828.58333
11.63889;0.08333;10840.18056
11.66667;0.02778;10851.83333
11.72222;0.05556;10863.52778
11.77778;0.05556;10875.27778
11.86111;0.08333;10887.09722
11.97222;0.11111;10899.01389
12.13889;0.16667;10911.06944
12.22222;0.08333;10923.25000
12.25000;0.02778;10935.48611
12.58333;0.33333;10947.90278
12.88889;0.30556;10960.63889
13.11111;0.22222;10973.63889
13.13889;0.02778;10986.76389
13.16667;0.02778;10999.91667
13.16667;0.00000;11013.08333
13.19444;0.02778;11026.26389
13.30556;0.11111;11039.51389
13.50000;0.19444;11052.91667
13.72222;0.22222;11066.52778
13.83333;0.11111;11080.30556
13.83333;0.00000;11094.13889
13.80556;-0.02778;11107.98611
13.69444;-0.11111;11121.84722
13.47222;-0.22222;11135.65278
13.22222;-0.25000;11149.25000
12.86111;-0.36111;11162.65278
12.13889;-0.72222;11175.87500
10.91667;-1.22222;11188.62500
9.47222;-1.44444;11200.26389
8.05556;-1.41667;11210.44444
6.58333;-1.47222;11219.23611
5.11111;-1.47222;11226.55556
3.97222;-1.13889;11232.23611
3.33333;-0.63889;11236.52778
3.55556;0.22222;11239.97222
4.44444;0.88889;11243.97222
5.66667;1.22222;11249.02778
6.66667;1.00000;11255.19444
8.05556;1.38889;11262.55556
8.94444;0.88889;11271.05556
10.22222;1.27778;11280.63889
10.94444;0.72222;11291.22222
12.00000;1.05556;11302.69444
12.72222;0.72222;11315.05556
13.66667;0.94444;11328.25000
14.27778;0.61111;11342.22222
15.05556;0.77778;11356.88889
15.55556;0.50000;11372.19444
16.19444;0.63889;11388.06944
16.61111;0.41667;11404.47222
17.13889;0.52778;11421.34722
17.41667;0.27778;11438.62500
17.58333;0.16667;11456.12500
17.66667;0.08333;11473.75000
17.77778;0.11111;11491.47222
17.97222;0.19444;11509.34722
18.11111;0.13889;11527.38889
18.13889;0.02778;11545.51389
18.13889;0.00000;11563.65278
18.16667;0.02778;11581.80556
18.25000;0.08333;11600.01389
18.33333;0.08333;11618.30556
18.22222;-0.11111;11636.69444
17.63889;-0.58333;11655.20833
16.58333;-1.05556;11673.37500
15.16667;-1.41667;11690.66667
13.69444;-1.47222;11706.56944
12.47222;-1.22222;11720.87500
11.75000;-0.72222;11733.70833
11.50000;-0.25000;11745.58333
11.47222;-0.02778;11757.09722
11.94444;0.47222;11768.80556
12.50000;0.55556;11781.02778
12.91667;0.41667;11793.73611
13.41667;0.50000;11806.90278
13.75000;0.33333;11820.48611
14.22222;0.47222;11834.47222
14.50000;0.27778;11848.83333
14.33333;-0.16667;11863.41667
13.80556;-0.52778;11878.01389
13.16667;-0.63889;11892.13889
12.13889;-1.02778;11905.81944
11.02778;-1.11111;11918.51389
9.86111;-1.16667;11930.12500
8.63889;-1.22222;11940.59722
7.30556;-1.33333;11949.90278
6.08333;-1.22222;11957.81944
5.00000;-1.08333;11964.44444
4.72222;-0.27778;11969.58333
5.00000;0.27778;11974.44444
5.94444;0.94444;11979.91667
6.88889;0.94444;11986.33333
7.75000;0.86111;11993.65278
8.55556;0.80556;12001.80556
9.16667;0.61111;12010.66667
9.75000;0.58333;12020.12500
10.30556;0.55556;12030.15278
10.80556;0.50000;12040.70833
11.50000;0.69444;12051.86111
12.22222;0.72222;12063.72222
12.86111;0.63889;12076.26389
13.25000;0.38889;12089.31944
13.38889;0.13889;12102.63889
13.52778;0.13889;12116.09722
13.69444;0.16667;12129.70833
13.83333;0.13889;12143.47222
13.94444;0.11111;12157.36111
14.13889;0.19444;12171.40278
14.38889;0.25000;12185.66667
14.58333;0.19444;12200.15278
14.80556;0.22222;12214.84722
15.13889;0.33333;12229.81944
15.47222;0.33333;12245.12500
15.69444;0.22222;12260.70833
15.77778;0.08333;12276.44444
15.83333;0.05556;12292.25000
15.88889;0.05556;12308.11111
16.02778;0.13889;12324.06944
16.30556;0.27778;12340.23611
16.69444;0.38889;12356.73611
16.97222;0.27778;12373.56944
17.13889;0.16667;12390.62500
17.30556;0.16667;12407.84722
17.47222;0.16667;12425.23611
17.58333;0.11111;12442.76389
17.61111;0.02778;12460.36111
17.63889;0.02778;12477.98611
17.75000;0.11111;12495.68056
17.88889;0.13889;12513.50000
18.05556;0.16667;12531.47222
18.22222;0.16667;12549.61111
18.50000;0.27778;12567.97222
18.72222;0.22222;12586.58333
18.94444;0.22222;12605.41667
19.19444;0.25000;12624.48611
19.44444;0.25000;12643.80556
19.66667;0.22222;12663.36111
19.86111;0.19444;12683.12500
20.11111;0.25000;12703.11111
20.27778;0.16667;12723.30556
20.47222;0.19444;12743.68056
20.66667;0.19444;12764.25000
20.80556;0.13889;12784.98611
20.91667;0.11111;12805.84722
21.00000;0.08333;12826.80556
21.05556;0.05556;12847.83333
21.27778;0.22222;12869.00000
21.25000;-0.02778;12890.29167
21.16667;-0.08333;12911.58333
21.05556;-0.11111;12932.80556
20.94444;-0.11111;12953.91667
20.77778;-0.16667;12974.94444
20.52778;-0.25000;12995.84722
20.19444;-0.33333;13016.54167
19.80556;-0.38889;13036.93056
19.55556;-0.25000;13056.86111
19.44444;-0.11111;13076.47222
19.44444;0.00000;13095.91667
19.16667;-0.27778;13115.50000
18.88889;-0.27778;13134.80556
18.69444;-0.19444;13153.79167
18.38889;-0.30556;13172.63889
18.00000;-0.38889;13191.22222
17.66667;-0.33333;13209.38889
17.38889;-0.27778;13227.19444
17.25000;-0.13889;13244.65278
17.19444;-0.05556;13261.93056
17.19444;0.00000;13279.12500
17.16667;-0.02778;13296.33333
17.08333;-0.08333;13313.54167
16.91667;-0.16667;13330.70833
16.58333;-0.33333;13347.79167
15.16667;-1.41667;13365.08333
13.69444;-1.47222;13380.98611
12.47222;-1.22222;13395.29167
11.75000;-0.72222;13408.12500
11.50000;-0.25000;13420.00000
11.47222;-0.02778;13431.51389
11.69444;0.22222;13443.09722
12.41667;0.72222;13455.15278
12.77778;0.36111;13467.75000
13.55556;0.77778;13480.91667
13.91667;0.36111;13494.65278
14.25000;0.33333;13508.73611
15.02778;0.77778;13523.37500
15.33333;0.30556;13538.55556
15.61111;0.27778;13554.02778
15.58333;-0.02778;13569.65278
15.58333;0.00000;13585.23611
15.69444;0.11111;13600.87500
15.97222;0.27778;13616.70833
16.44444;0.47222;13632.91667
16.86111;0.41667;13649.56944
17.16667;0.30556;13666.58333
17.30556;0.13889;13683.81944
17.41667;0.11111;13701.18056
17.22222;-0.19444;13718.69444
17.02778;-0.19444;13736.01389
16.91667;-0.11111;13753.09722
16.80556;-0.11111;13770.06944
16.72222;-0.08333;13786.91667
16.61111;-0.11111;13803.69444
16.50000;-0.11111;13820.36111
16.27778;-0.22222;13836.97222
15.97222;-0.30556;13853.40278
15.72222;-0.25000;13869.50000
15.55556;-0.16667;13885.30556
15.41667;-0.13889;13900.93056
15.27778;-0.13889;13916.41667
15.11111;-0.16667;13931.77778
15.02778;-0.08333;13946.93056
15.00000;-0.02778;13961.97222
14.97222;-0.02778;13976.98611
14.97222;0.00000;13991.95833
15.00000;0.02778;14006.94444
15.05556;0.05556;14021.97222
15.27778;0.22222;14037.13889
15.50000;0.22222;14052.52778
15.61111;0.11111;14068.08333
15.58333;-0.02778;14083.70833
15.30556;-0.27778;14099.43056
14.63889;-0.66667;14115.06944
13.44444;-1.19444;14130.30556
11.97222;-1.47222;14144.48611
10.50000;-1.47222;14157.19444
9.02778;-1.47222;14168.43056
7.55556;-1.47222;14178.19444
6.97222;-0.58333;14186.04167
7.50000;0.52778;14193.27778
8.27778;0.77778;14201.16667
9.38889;1.11111;14210.00000
10.27778;0.88889;14219.83333
11.30556;1.02778;14230.62500
11.94444;0.63889;14242.25000
12.66667;0.72222;14254.55556
13.02778;0.36111;14267.40278
13.05556;0.02778;14280.44444
13.02778;-0.02778;14293.51389
12.91667;-0.11111;14306.59722
12.72222;-0.19444;14319.61111
12.30556;-0.41667;14332.54167
11.47222;-0.83333;14345.26389
10.13889;-1.33333;14357.40278
8.80556;-1.33333;14368.20833
7.50000;-1.30556;14377.66667
6.86111;-0.63889;14385.48611
5.36111;-1.50000;14393.09722
4.44444;-0.91667;14398.91667
3.66667;-0.77778;14403.75000
2.97222;-0.69444;14407.76389
2.44444;-0.52778;14411.00000
2.00000;-0.44444;14413.66667
1.52778;-0.47222;14415.90278
0.88889;-0.63889;14417.75000
0.30556;-0.58333;14418.93056
0.00000;-0.30556;14419.38889
0.00000;0.00000;14419.38889
0.00000;0.00000;14419.38889
0.00000;0.00000;14419.38889
0.00000;0.00000;14419.38889
0.00000;0.00000;14419.38889
0.00000;0.00000;14419.38889
0.00000;0.00000;14419.38889
0.00000;0.00000;14419.38889
0.00000;0.00000;14419.38889
0.00000;0.00000;14419.38889
0.00000;0.00000;14419.38889
0.00000;0.00000;14419.38889
0.00000;0.00000;14419.38889
0.00000;0.00000;14419.38889
0.00000;0.00000;14419.38889
0.00000;0.00000;14419.38889
0.00000;0.00000;14419.38889
0.00000;0.00000;14419.38889
0.27778;0.27778;14419.52778
0.58333;0.30556;14419.95833
1.44444;0.86111;14420.97222
2.55556;1.11111;14422.97222
3.75000;1.19444;14426.12500
5.02778;1.27778;14430.51389
6.19444;1.16667;14436.12500
7.22222;1.02778;14442.83333
8.13889;0.91667;14450.51389
9.11111;0.97222;14459.13889
10.00000;0.88889;14468.69444
10.88889;0.88889;14479.13889
11.80556;0.91667;14490.48611
12.69444;0.88889;14502.73611
13.38889;0.69444;14515.77778
13.44444;0.05556;14529.19444
13.38889;-0.05556;14542.66667
13.27778;-0.11111;14556.11111
13.05556;-0.22222;14569.50000
12.75000;-0.30556;14582.70833
12.47222;-0.27778;14595.59722
12.33333;-0.13889;14608.13889
12.30556;-0.02778;14620.48611
12.36111;0.05556;14632.81944
12.52778;0.16667;14645.26389
12.69444;0.16667;14657.87500
12.77778;0.08333;14670.61111
12.77778;0.00000;14683.38889
12.77778;0.00000;14696.16667
12.80556;0.02778;14708.95833
12.97222;0.16667;14721.84722
13.25000;0.27778;14734.95833
13.58333;0.33333;14748.37500
13.97222;0.38889;14762.15278
14.33333;0.36111;14776.30556
14.61111;0.27778;14790.77778
14.72222;0.11111;14805.44444
14.72222;0.00000;14820.16667
14.69444;-0.02778;14834.90278
14.63889;-0.05556;14849.62500
14.61111;-0.02778;14864.27778
14.75000;0.13889;14878.95833
15.08333;0.33333;14893.87500
15.33333;0.25000;14909.08333
15.41667;0.08333;14924.45833
15.52778;0.11111;14939.93056
15.63889;0.11111;14955.51389
15.75000;0.11111;14971.20833
15.80556;0.05556;14986.98611
15.77778;-0.02778;15002.80556
15.55556;-0.22222;15018.69444
15.05556;-0.50000;15034.50000
14.47222;-0.58333;15049.84722
13.91667;-0.55556;15064.59722
13.11111;-0.80556;15078.91667
12.00000;-1.11111;15092.58333
10.88889;-1.11111;15105.13889
10.13889;-0.75000;15116.40278
9.52778;-0.61111;15126.84722
8.61111;-0.91667;15136.83333
7.22222;-1.38889;15146.13889
5.75000;-1.47222;15154.09722
4.27778;-1.47222;15160.58333
3.63889;-0.63889;15165.18056
3.33333;-0.30556;15168.97222
3.47222;0.13889;15172.37500
3.88889;0.41667;15176.05556
5.27778;1.38889;15180.63889
6.44444;1.16667;15186.50000
7.77778;1.33333;15193.61111
8.88889;1.11111;15201.94444
9.44444;0.55556;15211.11111
10.00000;0.55556;15220.83333
10.55556;0.55556;15231.11111
11.11111;0.55556;15241.94444
11.19444;0.08333;15253.09722
11.25000;0.05556;15264.31944
10.83333;-0.41667;15275.77778
9.91667;-0.91667;15287.06944
8.83333;-1.08333;15297.52778
7.52778;-1.30556;15307.01389
6.33333;-1.19444;15315.13889
5.86111;-0.47222;15321.70833
5.25000;-0.61111;15327.87500
5.25000;0.00000;15333.12500
5.91667;0.66667;15338.70833
6.63889;0.72222;15344.98611
7.19444;0.55556;15351.90278
7.88889;0.69444;15359.44444
8.41667;0.52778;15367.59722
8.58333;0.16667;15376.09722
8.63889;0.05556;15384.70833
8.83333;0.19444;15393.44444
9.08333;0.25000;15402.40278
9.22222;0.13889;15411.55556
9.00000;-0.22222;15420.88889
7.86111;-1.13889;15430.45833
7.16667;-0.69444;15438.66667
6.41667;-0.75000;15446.20833
6.05556;-0.36111;15452.80556
5.88889;-0.16667;15458.94444
5.83333;-0.05556;15464.86111
5.83333;0.00000;15470.69444
5.80556;-0.02778;15476.54167
5.52778;-0.27778;15482.48611
4.97222;-0.55556;15488.29167
4.19444;-0.77778;15493.65278
3.55556;-0.63889;15498.16667
3.33333;-0.22222;15501.83333
3.66667;0.33333;15505.33333
4.75000;1.08333;15509.54167
5.86111;1.11111;15514.84722
6.05556;0.19444;15520.80556
5.88889;-0.16667;15526.94444
5.13889;-0.75000;15533.20833
3.86111;-1.27778;15538.98611
3.33333;-0.52778;15543.11111
3.33333;0.00000;15546.44444
3.61111;0.27778;15549.91667
4.52778;0.91667;15553.98611
5.69444;1.16667;15559.09722
6.63889;0.94444;15565.26389
7.22222;0.58333;15572.19444
7.77778;0.55556;15579.69444
8.75000;0.97222;15587.95833
9.27778;0.52778;15596.97222
10.00000;0.72222;15606.61111
10.50000;0.50000;15616.86111
11.16667;0.66667;15627.69444
11.55556;0.38889;15639.05556
11.63889;0.08333;15650.65278
11.66667;0.02778;15662.30556
11.72222;0.05556;15674.00000
11.77778;0.05556;15685.75000
11.86111;0.08333;15697.56944
11.97222;0.11111;15709.48611
12.13889;0.16667;15721.54167
12.22222;0.08333;15733.72222
12.25000;0.02778;15745.95833
12.58333;0.33333;15758.37500
12.88889;0.30556;15771.11111
13.11111;0.22222;15784.11111
13.13889;0.02778;15797.23611
13.16667;0.02778;15810.38889
13.16667;0.00000;15823.55556
13.19444;0.02778;15836.73611
13.30556;0.11111;15849.98611
13.50000;0.19444;15863.38889
13.72222;0.22222;15877.00000
13.83333;0.11111;15890.77778
13.83333;0.00000;15904.61111
13.80556;-0.02778;15918.45833
13.69444;-0.11111;15932.31944
13.47222;-0.22222;15946.12500
13.22222;-0.25000;15959.72222
12.86111;-0.36111;15973.12500
12.13889;-0.72222;15986.34722
10.91667;-1.22222;15999.09722
9.47222;-1.44444;16010.73611
8.05556;-1.41667;16020.91667
6.58333;-1.47222;16029.70833
5.11111;-1.47222;16037.02778
3.97222;-1.13889;16042.70833
3.33333;-0.63889;16047.00000
3.55556;0.22222;16050.44444
4.44444;0.88889;16054.44444
5.66667;1.22222;16059.50000
6.66667;1.00000;16065.66667
8.05556;1.38889;16073.02778
8.94444;0.88889;16081.52778
10.22222;1.27778;16091.11111
10.94444;0.72222;16101.69444
12.00000;1.05556;16113.16667
12.72222;0.72222;16125.52778
13.66667;0.94444;16138.72222
14.27778;0.61111;16152.69444
15.05556;0.77778;16167.36111
15.55556;0.50000;16182.66667
16.19444;0.63889;16198.54167
16.61111;0.41667;16214.94444
17.13889;0.52778;16231.81944
17.41667;0.27778;16249.09722
17.58333;0.16667;16266.59722
17.66667;0.08333;16284.22222
17.77778;0.11111;16301.94444
17.97222;0.19444;16319.81944
18.11111;0.13889;16337.86111
18.13889;0.02778;16355.98611
18.13889;0.00000;16374.12500
18.16667;0.02778;16392.27778
18.25000;0.08333;16410.48611
18.33333;0.08333;16428.77778
18.22222;-0.11111;16447.16667
17.63889;-0.58333;16465.68056
16.58333;-1.05556;16483.84722
15.16667;-1.41667;16501.13889
13.69444;-1.47222;16517.04167
12.47222;-1.22222;16531.34722
11.75000;-0.72222;16544.18056
11.50000;-0.25000;16556.05556
11.47222;-0.02778;16567.56944
11.94444;0.47222;16579.27778
12.50000;0.55556;16591.50000
12.91667;0.41667;16604.20833
13.41667;0.50000;16617.37500
13.75000;0.33333;16630.95833
14.22222;0.47222;16644.94444
14.50000;0.27778;16659.30556
14.33333;-0.16667;16673.88889
13.80556;-0.52778;16688.48611
13.16667;-0.63889;16702.61111
12.13889;-1.02778;16716.29167
11.02778;-1.11111;16728.98611
9.86111;-1.16667;16740.59722
8.63889;-1.22222;16751.06944
7.30556;-1.33333;16760.37500
6.08333;-1.22222;16768.29167
5.00000;-1.08333;16774.91667
4.72222;-0.27778;16780.05556
5.00000;0.27778;16784.91667
5.94444;0.94444;16790.38889
6.88889;0.94444;16796.80556
7.75000;0.86111;16804.12500
8.55556;0.80556;16812.27778
9.16667;0.61111;16821.13889
9.75000;0.58333;16830.59722
10.30556;0.55556;16840.62500
10.80556;0.50000;16851.18056
11.50000;0.69444;16862.33333
12.22222;0.72222;16874.19444
12.86111;0.63889;16886.73611
13.25000;0.38889;16899.79167
13.38889;0.13889;16913.11111
13.52778;0.13889;16926.56944
13.69444;0.16667;16940.18056
13.83333;0.13889;16953.94444
13.94444;0.11111;16967.83333
14.13889;0.19444;16981.87500
14.38889;0.25000;16996.13889
14.58333;0.19444;17010.62500
14.80556;0.22222;17025.31944
15.13889;0.33333;17040.29167
15.47222;0.33333;17055.59722
15.69444;0.22222;17071.18056
15.77778;0.08333;17086.91667
15.83333;0.05556;17102.72222
15.88889;0.05556;17118.58333
16.02778;0.13889;17134.54167
16.30556;0.27778;17150.70833
16.69444;0.38889;17167.20833
16.97222;0.27778;17184.04167
17.13889;0.16667;17201.09722
17.30556;0.16667;17218.31944
17.47222;0.16667;17235.70833
17.58333;0.11111;17253.23611
17.61111;0.02778;17270.83333
17.63889;0.02778;17288.45833
17.75000;0.11111;17306.15278
17.88889;0.13889;17323.97222
18.05556;0.16667;17341.94444
18.22222;0.16667;17360.08333
18.50000;0.27778;17378.44444
18.72222;0.22222;17397.05556
18.94444;0.22222;17415.88889
19.19444;0.25000;17434.95833
19.44444;0.25000;17454.27778
19.66667;0.22222;17473.83333
19.86111;0.19444;17493.59722
20.11111;0.25000;17513.58333
20.27778;0.16667;17533.77778
20.47222;0.19444;17554.15278
20.66667;0.19444;17574.72222
20.80556;0.13889;17595.45833
20.91667;0.11111;17616.31944
21.00000;0.08333;17637.27778
21.05556;0.05556;17658.30556
21.27778;0.22222;17679.47222
21.25000;-0.02778;17700.76389
21.16667;-0.08333;17722.05556
21.05556;-0.11111;17743.27778
20.94444;-0.11111;17764.38889
20.77778;-0.16667;17785.41667
20.52778;-0.25000;17806.31944
20.19444;-0.33333;17827.01389
19.80556;-0.38889;17847.40278
19.55556;-0.25000;17867.33333
19.44444;-0.11111;17886.94444
19.44444;0.00000;17906.38889
19.16667;-0.27778;17925.97222
18.88889;-0.27778;17945.27778
18.69444;-0.19444;17964.26389
18.38889;-0.30556;17983.11111
18.00000;-0.38889;18001.69444
17.66667;-0.33333;18019.86111
17.38889;-0.27778;18037.66667
17.25000;-0.13889;18055.12500
17.19444;-0.05556;18072.40278
17.19444;0.00000;18089.59722
17.16667;-0.02778;18106.80556
17.08333;-0.08333;18124.01389
16.91667;-0.16667;18141.18056
16.58333;-0.33333;18158.26389
15.16667;-1.41667;18175.55556
13.69444;-1.47222;18191.45833
12.47222;-1.22222;18205.76389
11.75000;-0.72222;18218.59722
11.50000;-0.25000;18230.47222
11.47222;-0.02778;18241.98611
11.69444;0.22222;18253.56944
12.41667;0.72222;18265.62500
12.77778;0.36111;18278.22222
13.55556;0.77778;18291.38889
13.91667;0.36111;18305.12500
14.25000;0.33333;18319.20833
15.02778;0.77778;18333.84722
15.33333;0.30556;18349.02778
15.61111;0.27778;18364.50000
15.58333;-0.02778;18380.12500
15.58333;0.00000;18395.70833
15.69444;0.11111;18411.34722
15.97222;0.27778;18427.18056
16.44444;0.47222;18443.38889
16.86111;0.41667;18460.04167
17.16667;0.30556;18477.05556
17.30556;0.13889;18494.29167
17.41667;0.11111;18511.65278
17.22222;-0.19444;18529.16667
17.02778;-0.19444;18546.48611
16.91667;-0.11111;18563.56944
16.80556;-0.11111;18580.54167
16.72222;-0.08333;18597.38889
16.61111;-0.11111;18614.16667
16.50000;-0.11111;18630.83333
16.27778;-0.22222;18647.44444
15.97222;-0.30556;18663.87500
15.72222;-0.25000;18679.97222
15.55556;-0.16667;18695.77778
15.41667;-0.13889;18711.40278
15.27778;-0.13889;18726.88889
15.11111;-0.16667;18742.25000
15.02778;-0.08333;18757.40278
15.00000;-0.02778;18772.44444
14.97222;-0.02778;18787.45833
14.97222;0.00000;18802.43056
15.00000;0.02778;18817.41667
15.05556;0.05556;18832.44444
15.27778;0.22222;18847.61111
15.50000;0.22222;18863.00000
15.61111;0.11111;18878.55556
15.58333;-0.02778;18894.18056
15.30556;-0.27778;18909.90278
14.63889;-0.66667;18925.54167
13.44444;-1.19444;18940.77778
11.97222;-1.47222;18954.95833
10.50000;-1.47222;18967.66667
9.02778;-1.47222;18978.90278
7.55556;-1.47222;18988.66667
6.97222;-0.58333;18996.51389
7.50000;0.52778;19003.75000
8.27778;0.77778;19011.63889
9.38889;1.11111;19020.47222
10.27778;0.88889;19030.30556
11.30556;1.02778;19041.09722
11.94444;0.63889;19052.72222
12.66667;0.72222;19065.02778
13.02778;0.36111;19077.87500
13.05556;0.02778;19090.91667
13.02778;-0.02778;19103.98611
12.91667;-0.11111;19117.06944
12.72222;-0.19444;19130.08333
12.30556;-0.41667;19143.01389
11.47222;-0.83333;19155.73611
10.13889;-1.33333;19167.87500
8.80556;-1.33333;19178.68056
7.50000;-1.30556;19188.13889
6.86111;-0.63889;19195.95833
5.36111;-1.50000;19203.56944
4.44444;-0.91667;19209.38889
3.66667;-0.77778;19214.22222
2.97222;-0.69444;19218.23611
2.44444;-0.52778;19221.47222
2.00000;-0.44444;19224.13889
1.52778;-0.47222;19226.37500
0.88889;-0.63889;19228.22222
0.30556;-0.58333;19229.40278
0.00000;-0.30556;19229.86111
0.00000;0.00000;19229.86111
0.00000;0.00000;19229.86111
0.00000;0.00000;19229.86111
0.00000;0.00000;19229.86111
0.00000;0.00000;19229.86111
0.00000;0.00000;19229.86111
0.00000;0.00000;19229.86111
0.00000;0.00000;19229.86111
0.00000;0.00000;19229.86111
0.00000;0.00000;19229.86111
0.00000;0.00000;19229.86111
0.00000;0.00000;19229.86111
0.13889;0.13889;19229.93056
0.58333;0.44444;19230.29167
1.33333;0.75000;19231.25000
2.30556;0.97222;19233.06944
3.41667;1.11111;19235.93056
4.61111;1.19444;19239.94444
5.80556;1.19444;19245.15278
6.72222;0.91667;19251.41667
7.11111;0.38889;19258.33333
7.11111;0.00000;19265.44444
6.91667;-0.19444;19272.65278
6.47222;-0.44444;19279.79167
6.00000;-0.47222;19286.50000
5.61111;-0.38889;19292.69444
5.19444;-0.41667;19298.51389
4.72222;-0.47222;19303.94444
4.25000;-0.47222;19308.90278
3.94444;-0.30556;19313.30556
3.86111;-0.08333;19317.29167
3.88889;0.02778;19321.16667
3.94444;0.05556;19325.08333
4.02778;0.08333;19329.06944
4.13889;0.11111;19333.15278
4.41667;0.27778;19337.43056
4.83333;0.41667;19342.05556
5.19444;0.36111;19347.06944
5.30556;0.11111;19352.31944
5.22222;-0.08333;19357.66667
4.88889;-0.33333;19363.05556
4.61111;-0.27778;19368.08333
4.50000;-0.11111;19372.75000
4.55556;0.05556;19377.27778
4.77778;0.22222;19381.94444
5.30556;0.52778;19386.98611
6.27778;0.97222;19392.77778
7.61111;1.33333;19399.72222
8.77778;1.16667;19407.91667
9.27778;0.50000;19416.94444
9.30556;0.02778;19426.23611
9.11111;-0.19444;19435.63889
8.86111;-0.25000;19444.87500
8.69444;-0.16667;19453.81944
8.63889;-0.05556;19462.54167
8.50000;-0.13889;19471.25000
8.11111;-0.38889;19479.94444
7.41667;-0.69444;19488.40278
6.38889;-1.02778;19496.33333
5.05556;-1.33333;19503.38889
3.58333;-1.47222;19509.18056
2.13889;-1.44444;19513.48611
1.05556;-1.08333;19516.16667
0.36111;-0.69444;19517.56944
0.05556;-0.30556;19518.08333
0.00000;-0.05556;19518.16667
0.00000;0.00000;19518.16667
0.00000;0.00000;19518.16667
0.00000;0.00000;19518.16667
0.00000;0.00000;19518.16667
0.00000;0.00000;19518.16667
0.00000;0.00000;19518.16667
0.13889;0.13889;19518.23611
0.58333;0.44444;19518.59722
1.33333;0.75000;19519.55556
2.30556;0.97222;19521.37500
3.41667;1.11111;19524.23611
4.61111;1.19444;19528.25000
5.80556;1.19444;19533.45833
6.72222;0.91667;19539.72222
7.11111;0.38889;19546.63889
7.11111;0.00000;19553.75000
6.91667;-0.19444;19560.95833
6.47222;-0.44444;19568.09722
6.00000;-0.47222;19574.80556
5.61111;-0.38889;19581.00000
5.19444;-0.41667;19586.81944
4.72222;-0.47222;19592.25000
4.25000;-0.47222;19597.20833
3.94444;-0.30556;19601.61111
3.86111;-0.08333;19605.59722
3.88889;0.02778;19609.47222
3.94444;0.05556;19613.38889
4.02778;0.08333;19617.37500
4.13889;0.11111;19621.45833
4.41667;0.27778;19625.73611
4.83333;0.41667;19630.36111
5.19444;0.36111;19635.37500
5.30556;0.11111;19640.62500
5.22222;-0.08333;19645.97222
4.88889;-0.33333;19651.36111
4.61111;-0.27778;19656.38889
4.50000;-0.11111;19661.05556
4.55556;0.05556;19665.58333
4.77778;0.22222;19670.25000
5.30556;0.52778;19675.29167
6.27778;0.97222;19681.08333
7.61111;1.33333;19688.02778
8.77778;1.16667;19696.22222
9.27778;0.50000;19705.25000
9.30556;0.02778;19714.54167
9.11111;-0.19444;19723.94444
8.86111;-0.25000;19733.18056
8.69444;-0.16667;19742.12500
8.63889;-0.05556;19750.84722
8.50000;-0.13889;19759.55556
8.11111;-0.38889;19768.25000
7.41667;-0.69444;19776.70833
6.38889;-1.02778;19784.63889
5.05556;-1.33333;19791.69444
3.58333;-1.47222;19797.48611
2.13889;-1.44444;19801.79167
1.05556;-1.08333;19804.47222
0.36111;-0.69444;19805.87500
0.05556;-0.30556;19806.38889
0.00000;-0.05556;19806.47222
0.00000;0.00000;19806.47222
0.00000;0.00000;19806.47222
0.00000;0.00000;19806.47222
0.00000;0.00000;19806.47222
0.00000;0.00000;19806.47222
0.00000;0.00000;19806.47222
0.00000;0.00000;19806.47222
0.00000;0.00000;19806.47222
0.00000;0.00000;19806.47222
0.00000;0.00000;19806.47222
0.00000;0.00000;19806.47222
0.13889;0.13889;19806.54167
0.58333;0.44444;19806.90278
1.33333;0.75000;19807.86111
2.30556;0.97222;19809.68056
3.41667;1.11111;19812.54167
4.61111;1.19444;19816.55556
5.80556;1.19444;19821.76389
6.72222;0.91667;19828.02778
7.11111;0.38889;19834.94444
7.11111;0.00000;19842.05556
6.91667;-0.19444;19849.26389
6.47222;-0.44444;19856.40278
6.00000;-0.47222;19863.11111
5.61111;-0.38889;19869.30556
5.19444;-0.41667;19875.12500
4.72222;-0.47222;19880.55556
4.25000;-0.47222;19885.51389
3.94444;-0.30556;19889.91667
3.86111;-0.08333;19893.90278
3.88889;0.02778;19897.77778
3.94444;0.05556;19901.69444
4.02778;0.08333;19905.68056
4.13889;0.11111;19909.76389
4.41667;0.27778;19914.04167
4.83333;0.41667;19918.66667
5.19444;0.36111;19923.68056
5.30556;0.11111;19928.93056
5.22222;-0.08333;19934.27778
4.88889;-0.33333;19939.66667
4.61111;-0.27778;19944.69444
4.50000;-0.11111;19949.36111
4.55556;0.05556;19953.88889
4.77778;0.22222;19958.55556
5.30556;0.52778;19963.59722
6.27778;0.97222;19969.38889
7.61111;1.33333;19976.33333
8.77778;1.16667;19984.52778
9.27778;0.50000;19993.55556
9.30556;0.02778;20002.84722
9.11111;-0.19444;20012.25000
8.86111;-0.25000;20021.48611
8.69444;-0.16667;20030.43056
8.63889;-0.05556;20039.15278
8.50000;-0.13889;20047.86111
8.11111;-0.38889;20056.55556
7.41667;-0.69444;20065.01389
6.38889;-1.02778;20072.94444
5.05556;-1.33333;20080.00000
3.58333;-1.47222;20085.79167
2.13889;-1.44444;20090.09722
1.05556;-1.08333;20092.77778
0.36111;-0.69444;20094.18056
0.05556;-0.30556;20094.69444
0.00000;-0.05556;20094.77778
0.00000;0.00000;20094.77778
0.00000;0.00000;20094.77778
0.00000;0.00000;20094.77778
0.00000;0.00000;20094.77778
0.13889;0.13889;20094.84722
0.58333;0.44444;20095.20833
1.33333;0.75000;20096.16667
2.30556;0.97222;20097.98611
3.41667;1.11111;20100.84722
4.61111;1.19444;20104.86111
5.80556;1.19444;20110.06944
6.72222;0.91667;20116.33333
7.11111;0.38889;20123.25000
7.11111;0.00000;20130.36111
6.91667;-0.19444;20137.56944
6.47222;-0.44444;20144.70833
6.00000;-0.47222;20151.41667
5.61111;-0.38889;20157.61111
5.19444;-0.41667;20163.43056
4.72222;-0.47222;20168.86111
4.25000;-0.47222;20173.81944
3.94444;-0.30556;20178.22222
3.86111;-0.08333;20182.20833
3.88889;0.02778;20186.08333
3.94444;0.05556;20190.00000
4.02778;0.08333;20193.98611
4.13889;0.11111;20198.06944
4.41667;0.27778;20202.34722
4.83333;0.41667;20206.97222
5.19444;0.36111;20211.98611
5.30556;0.11111;20217.23611
5.22222;-0.08333;20222.58333
4.88889;-0.33333;20227.97222
4.61111;-0.27778;20233.00000
4.50000;-0.11111;20237.66667
4.55556;0.05556;20242.19444
4.77778;0.22222;20246.86111
5.30556;0.52778;20251.90278
6.27778;0.97222;20257.69444
7.61111;1.33333;20264.63889
8.77778;1.16667;20272.83333
9.27778;0.50000;20281.86111
9.30556;0.02778;20291.15278
9.11111;-0.19444;20300.55556
8.86111;-0.25000;20309.79167
8.69444;-0.16667;20318.73611
8.63889;-0.05556;20327.45833
8.50000;-0.13889;20336.16667
8.11111;-0.38889;20344.86111
7.41667;-0.69444;20353.31944
6.38889;-1.02778;20361.25000
5.05556;-1.33333;20368.30556
3.58333;-1.47222;20374.09722
2.13889;-1.44444;20378.40278
1.05556;-1.08333;20381.08333
0.36111;-0.69444;20382.48611
0.05556;-0.30556;20383.00000
0.00000;-0.05556;20383.08333
0.00000;0.00000;20383.08333
0.00000;0.00000;20383.08333
0.00000;0.00000;20383.08333
0.00000;0.00000;20383.08333
0.00000;0.00000;20383.08333
0.00000;0.00000;20383.08333
0.13889;0.13889;20383.15278
0.58333;0.44444;20383.51389
1.33333;0.75000;20384.47222
2.30556;0.97222;20386.29167
3.41667;1.11111;20389.15278
4.61111;1.19444;20393.16667
5.80556;1.19444;20398.37500
6.72222;0.91667;20404.63889
7.11111;0.38889;20411.55556
7.11111;0.00000;20418.66667
6.91667;-0.19444;20425.87500
6.47222;-0.44444;20433.01389
6.00000;-0.47222;20439.72222
5.61111;-0.38889;20445.91667
5.19444;-0.41667;20451.73611
4.72222;-0.47222;20457.16667
4.25000;-0.47222;20462.12500
3.94444;-0.30556;20466.52778
3.86111;-0.08333;20470.51389
3.88889;0.02778;20474.38889
3.94444;0.05556;20478.30556
4.02778;0.08333;20482.29167
4.13889;0.11111;20486.37500
4.41667;0.27778;20490.65278
4.83333;0.41667;20495.27778
5.19444;0.36111;20500.29167
5.30556;0.11111;20505.54167
5.22222;-0.08333;20510.88889
4.88889;-0.33333;20516.27778
4.61111;-0.27778;20521.30556
4.50000;-0.11111;20525.97222
4.55556;0.05556;20530.50000
4.77778;0.22222;20535.16667
5.30556;0.52778;20540.20833
6.27778;0.97222;20546.00000
7.61111;1.33333;20552.94444
8.77778;1.16667;20561.13889
9.27778;0.50000;20570.16667
9.30556;0.02778;20579.45833
9.11111;-0.19444;20588.86111
8.86111;-0.25000;20598.09722
8.69444;-0.16667;20607.04167
8.63889;-0.05556;20615.76389
8.50000;-0.13889;20624.47222
8.11111;-0.38889;20633.16667
7.41667;-0.69444;20641.62500
6.38889;-1.02778;20649.55556
5.05556;-1.33333;20656.61111
3.58333;-1.47222;20662.40278
2.13889;-1.44444;20666.70833
1.05556;-1.08333;20669.38889
0.36111;-0.69444;20670.79167
0.05556;-0.30556;20671.30556
0.00000;-0.05556;20671.38889
0.00000;0.00000;20671.38889
0.00000;0.00000;20671.38889
0.00000;0.00000;20671.38889
0.00000;0.00000;20671.38889
0.00000;0.00000;20671.38889
0.00000;0.00000;20671.38889
